"aid","Latitude","Longitude","Habitat_WWF","sp","int_pres"
1,-0.01624,-51.10926,"Cerrado","sppA",0
1,-0.01624,-51.10926,"Cerrado","sppB",0
1,-0.01624,-51.10926,"Cerrado","sppC",0
1,-0.01624,-51.10926,"Cerrado","sppD",0
1,-0.01624,-51.10926,"Cerrado","sppE",1
1,-0.01624,-51.10926,"Cerrado","sppF",0
1,-0.01624,-51.10926,"Cerrado","sppG",1
1,-0.01624,-51.10926,"Cerrado","sppH",1
1,-0.01624,-51.10926,"Cerrado","sppI",3
1,-0.01624,-51.10926,"Cerrado","sppJ",1
1,-0.01624,-51.10926,"Cerrado","sppK",0
2,-0.02579,-51.11997,"Cerrado","sppA",0
2,-0.02579,-51.11997,"Cerrado","sppB",0
2,-0.02579,-51.11997,"Cerrado","sppC",0
2,-0.02579,-51.11997,"Cerrado","sppD",0
2,-0.02579,-51.11997,"Cerrado","sppE",1
2,-0.02579,-51.11997,"Cerrado","sppF",0
2,-0.02579,-51.11997,"Cerrado","sppG",1
2,-0.02579,-51.11997,"Cerrado","sppH",1
2,-0.02579,-51.11997,"Cerrado","sppI",3
2,-0.02579,-51.11997,"Cerrado","sppJ",1
2,-0.02579,-51.11997,"Cerrado","sppK",0
3,-0.02798,-51.1261,"Cerrado","sppA",0
3,-0.02798,-51.1261,"Cerrado","sppB",0
3,-0.02798,-51.1261,"Cerrado","sppC",0
3,-0.02798,-51.1261,"Cerrado","sppD",0
3,-0.02798,-51.1261,"Cerrado","sppE",1
3,-0.02798,-51.1261,"Cerrado","sppF",0
3,-0.02798,-51.1261,"Cerrado","sppG",1
3,-0.02798,-51.1261,"Cerrado","sppH",0
3,-0.02798,-51.1261,"Cerrado","sppI",4
3,-0.02798,-51.1261,"Cerrado","sppJ",1
3,-0.02798,-51.1261,"Cerrado","sppK",0
4,-0.03933,-51.10939,"Cerrado","sppA",0
4,-0.03933,-51.10939,"Cerrado","sppB",0
4,-0.03933,-51.10939,"Cerrado","sppC",0
4,-0.03933,-51.10939,"Cerrado","sppD",0
4,-0.03933,-51.10939,"Cerrado","sppE",1
4,-0.03933,-51.10939,"Cerrado","sppF",0
4,-0.03933,-51.10939,"Cerrado","sppG",1
4,-0.03933,-51.10939,"Cerrado","sppH",0
4,-0.03933,-51.10939,"Cerrado","sppI",3
4,-0.03933,-51.10939,"Cerrado","sppJ",1
4,-0.03933,-51.10939,"Cerrado","sppK",0
5,-0.03408,-51.13247,"Cerrado","sppA",0
5,-0.03408,-51.13247,"Cerrado","sppB",0
5,-0.03408,-51.13247,"Cerrado","sppC",0
5,-0.03408,-51.13247,"Cerrado","sppD",0
5,-0.03408,-51.13247,"Cerrado","sppE",1
5,-0.03408,-51.13247,"Cerrado","sppF",0
5,-0.03408,-51.13247,"Cerrado","sppG",1
5,-0.03408,-51.13247,"Cerrado","sppH",0
5,-0.03408,-51.13247,"Cerrado","sppI",4
5,-0.03408,-51.13247,"Cerrado","sppJ",0
5,-0.03408,-51.13247,"Cerrado","sppK",0
6,-0.01785,-51.15596,"Cerrado","sppA",0
6,-0.01785,-51.15596,"Cerrado","sppB",0
6,-0.01785,-51.15596,"Cerrado","sppC",0
6,-0.01785,-51.15596,"Cerrado","sppD",0
6,-0.01785,-51.15596,"Cerrado","sppE",1
6,-0.01785,-51.15596,"Cerrado","sppF",0
6,-0.01785,-51.15596,"Cerrado","sppG",1
6,-0.01785,-51.15596,"Cerrado","sppH",1
6,-0.01785,-51.15596,"Cerrado","sppI",4
6,-0.01785,-51.15596,"Cerrado","sppJ",0
6,-0.01785,-51.15596,"Cerrado","sppK",0
7,-0.00828,-51.15422,"Cerrado","sppA",0
7,-0.00828,-51.15422,"Cerrado","sppB",0
7,-0.00828,-51.15422,"Cerrado","sppC",0
7,-0.00828,-51.15422,"Cerrado","sppD",0
7,-0.00828,-51.15422,"Cerrado","sppE",1
7,-0.00828,-51.15422,"Cerrado","sppF",0
7,-0.00828,-51.15422,"Cerrado","sppG",1
7,-0.00828,-51.15422,"Cerrado","sppH",1
7,-0.00828,-51.15422,"Cerrado","sppI",4
7,-0.00828,-51.15422,"Cerrado","sppJ",0
7,-0.00828,-51.15422,"Cerrado","sppK",0
8,-0.00582,-51.13841,"Cerrado","sppA",0
8,-0.00582,-51.13841,"Cerrado","sppB",0
8,-0.00582,-51.13841,"Cerrado","sppC",0
8,-0.00582,-51.13841,"Cerrado","sppD",0
8,-0.00582,-51.13841,"Cerrado","sppE",1
8,-0.00582,-51.13841,"Cerrado","sppF",0
8,-0.00582,-51.13841,"Cerrado","sppG",1
8,-0.00582,-51.13841,"Cerrado","sppH",1
8,-0.00582,-51.13841,"Cerrado","sppI",4
8,-0.00582,-51.13841,"Cerrado","sppJ",0
8,-0.00582,-51.13841,"Cerrado","sppK",0
9,-0.01545,-51.21377,"Cerrado","sppA",0
9,-0.01545,-51.21377,"Cerrado","sppB",0
9,-0.01545,-51.21377,"Cerrado","sppC",0
9,-0.01545,-51.21377,"Cerrado","sppD",0
9,-0.01545,-51.21377,"Cerrado","sppE",2
9,-0.01545,-51.21377,"Cerrado","sppF",1
9,-0.01545,-51.21377,"Cerrado","sppG",1
9,-0.01545,-51.21377,"Cerrado","sppH",3
9,-0.01545,-51.21377,"Cerrado","sppI",2
9,-0.01545,-51.21377,"Cerrado","sppJ",0
9,-0.01545,-51.21377,"Cerrado","sppK",1
10,-0.05424,-51.23889,"Cerrado","sppA",0
10,-0.05424,-51.23889,"Cerrado","sppB",0
10,-0.05424,-51.23889,"Cerrado","sppC",1
10,-0.05424,-51.23889,"Cerrado","sppD",0
10,-0.05424,-51.23889,"Cerrado","sppE",5
10,-0.05424,-51.23889,"Cerrado","sppF",0
10,-0.05424,-51.23889,"Cerrado","sppG",3
10,-0.05424,-51.23889,"Cerrado","sppH",1
10,-0.05424,-51.23889,"Cerrado","sppI",2
10,-0.05424,-51.23889,"Cerrado","sppJ",1
10,-0.05424,-51.23889,"Cerrado","sppK",1
11,-0.07997,-51.26369,"Cerrado","sppA",0
11,-0.07997,-51.26369,"Cerrado","sppB",0
11,-0.07997,-51.26369,"Cerrado","sppC",0
11,-0.07997,-51.26369,"Cerrado","sppD",0
11,-0.07997,-51.26369,"Cerrado","sppE",4
11,-0.07997,-51.26369,"Cerrado","sppF",0
11,-0.07997,-51.26369,"Cerrado","sppG",2
11,-0.07997,-51.26369,"Cerrado","sppH",2
11,-0.07997,-51.26369,"Cerrado","sppI",1
11,-0.07997,-51.26369,"Cerrado","sppJ",0
11,-0.07997,-51.26369,"Cerrado","sppK",0
12,-0.13087,-51.29402,"Floresta","sppA",1
12,-0.13087,-51.29402,"Floresta","sppB",0
12,-0.13087,-51.29402,"Floresta","sppC",1
12,-0.13087,-51.29402,"Floresta","sppD",0
12,-0.13087,-51.29402,"Floresta","sppE",1
12,-0.13087,-51.29402,"Floresta","sppF",0
12,-0.13087,-51.29402,"Floresta","sppG",0
12,-0.13087,-51.29402,"Floresta","sppH",2
12,-0.13087,-51.29402,"Floresta","sppI",1
12,-0.13087,-51.29402,"Floresta","sppJ",2
12,-0.13087,-51.29402,"Floresta","sppK",0
13,-0.14333,-51.32741,"Floresta","sppA",1
13,-0.14333,-51.32741,"Floresta","sppB",0
13,-0.14333,-51.32741,"Floresta","sppC",2
13,-0.14333,-51.32741,"Floresta","sppD",0
13,-0.14333,-51.32741,"Floresta","sppE",0
13,-0.14333,-51.32741,"Floresta","sppF",0
13,-0.14333,-51.32741,"Floresta","sppG",1
13,-0.14333,-51.32741,"Floresta","sppH",4
13,-0.14333,-51.32741,"Floresta","sppI",1
13,-0.14333,-51.32741,"Floresta","sppJ",2
13,-0.14333,-51.32741,"Floresta","sppK",1
14,-0.16704,-51.35631,"Floresta","sppA",0
14,-0.16704,-51.35631,"Floresta","sppB",0
14,-0.16704,-51.35631,"Floresta","sppC",2
14,-0.16704,-51.35631,"Floresta","sppD",0
14,-0.16704,-51.35631,"Floresta","sppE",1
14,-0.16704,-51.35631,"Floresta","sppF",0
14,-0.16704,-51.35631,"Floresta","sppG",0
14,-0.16704,-51.35631,"Floresta","sppH",3
14,-0.16704,-51.35631,"Floresta","sppI",2
14,-0.16704,-51.35631,"Floresta","sppJ",0
14,-0.16704,-51.35631,"Floresta","sppK",3
15,0.67809,-51.49006,"Floresta","sppA",0
15,0.67809,-51.49006,"Floresta","sppB",0
15,0.67809,-51.49006,"Floresta","sppC",0
15,0.67809,-51.49006,"Floresta","sppD",1
15,0.67809,-51.49006,"Floresta","sppE",1
15,0.67809,-51.49006,"Floresta","sppF",0
15,0.67809,-51.49006,"Floresta","sppG",0
15,0.67809,-51.49006,"Floresta","sppH",4
15,0.67809,-51.49006,"Floresta","sppI",1
15,0.67809,-51.49006,"Floresta","sppJ",0
15,0.67809,-51.49006,"Floresta","sppK",2
16,0.67455,-51.52732,"Floresta","sppA",0
16,0.67455,-51.52732,"Floresta","sppB",0
16,0.67455,-51.52732,"Floresta","sppC",0
16,0.67455,-51.52732,"Floresta","sppD",1
16,0.67455,-51.52732,"Floresta","sppE",1
16,0.67455,-51.52732,"Floresta","sppF",0
16,0.67455,-51.52732,"Floresta","sppG",1
16,0.67455,-51.52732,"Floresta","sppH",4
16,0.67455,-51.52732,"Floresta","sppI",1
16,0.67455,-51.52732,"Floresta","sppJ",3
16,0.67455,-51.52732,"Floresta","sppK",3
17,0.6699,-51.57553,"Floresta","sppA",0
17,0.6699,-51.57553,"Floresta","sppB",0
17,0.6699,-51.57553,"Floresta","sppC",0
17,0.6699,-51.57553,"Floresta","sppD",4
17,0.6699,-51.57553,"Floresta","sppE",0
17,0.6699,-51.57553,"Floresta","sppF",1
17,0.6699,-51.57553,"Floresta","sppG",4
17,0.6699,-51.57553,"Floresta","sppH",2
17,0.6699,-51.57553,"Floresta","sppI",0
17,0.6699,-51.57553,"Floresta","sppJ",3
17,0.6699,-51.57553,"Floresta","sppK",2
18,0.64253,-51.6060321,"Floresta","sppA",0
18,0.64253,-51.6060321,"Floresta","sppB",1
18,0.64253,-51.6060321,"Floresta","sppC",0
18,0.64253,-51.6060321,"Floresta","sppD",3
18,0.64253,-51.6060321,"Floresta","sppE",0
18,0.64253,-51.6060321,"Floresta","sppF",1
18,0.64253,-51.6060321,"Floresta","sppG",2
18,0.64253,-51.6060321,"Floresta","sppH",1
18,0.64253,-51.6060321,"Floresta","sppI",0
18,0.64253,-51.6060321,"Floresta","sppJ",0
18,0.64253,-51.6060321,"Floresta","sppK",1
19,0.68948,-51.45626,"Floresta","sppA",0
19,0.68948,-51.45626,"Floresta","sppB",0
19,0.68948,-51.45626,"Floresta","sppC",0
19,0.68948,-51.45626,"Floresta","sppD",0
19,0.68948,-51.45626,"Floresta","sppE",0
19,0.68948,-51.45626,"Floresta","sppF",0
19,0.68948,-51.45626,"Floresta","sppG",1
19,0.68948,-51.45626,"Floresta","sppH",3
19,0.68948,-51.45626,"Floresta","sppI",1
19,0.68948,-51.45626,"Floresta","sppJ",1
19,0.68948,-51.45626,"Floresta","sppK",3
20,0.62599,-51.65246,"Floresta","sppA",0
20,0.62599,-51.65246,"Floresta","sppB",0
20,0.62599,-51.65246,"Floresta","sppC",0
20,0.62599,-51.65246,"Floresta","sppD",2
20,0.62599,-51.65246,"Floresta","sppE",0
20,0.62599,-51.65246,"Floresta","sppF",1
20,0.62599,-51.65246,"Floresta","sppG",4
20,0.62599,-51.65246,"Floresta","sppH",1
20,0.62599,-51.65246,"Floresta","sppI",0
20,0.62599,-51.65246,"Floresta","sppJ",1
20,0.62599,-51.65246,"Floresta","sppK",3
21,0.61183,-51.68656,"Floresta","sppA",0
21,0.61183,-51.68656,"Floresta","sppB",0
21,0.61183,-51.68656,"Floresta","sppC",0
21,0.61183,-51.68656,"Floresta","sppD",3
21,0.61183,-51.68656,"Floresta","sppE",1
21,0.61183,-51.68656,"Floresta","sppF",2
21,0.61183,-51.68656,"Floresta","sppG",5
21,0.61183,-51.68656,"Floresta","sppH",4
21,0.61183,-51.68656,"Floresta","sppI",0
21,0.61183,-51.68656,"Floresta","sppJ",1
21,0.61183,-51.68656,"Floresta","sppK",1
22,0.60265,-51.72149,"Floresta","sppA",0
22,0.60265,-51.72149,"Floresta","sppB",0
22,0.60265,-51.72149,"Floresta","sppC",0
22,0.60265,-51.72149,"Floresta","sppD",2
22,0.60265,-51.72149,"Floresta","sppE",1
22,0.60265,-51.72149,"Floresta","sppF",1
22,0.60265,-51.72149,"Floresta","sppG",3
22,0.60265,-51.72149,"Floresta","sppH",6
22,0.60265,-51.72149,"Floresta","sppI",0
22,0.60265,-51.72149,"Floresta","sppJ",0
22,0.60265,-51.72149,"Floresta","sppK",1
23,0.59859,-51.75021,"Floresta","sppA",0
23,0.59859,-51.75021,"Floresta","sppB",1
23,0.59859,-51.75021,"Floresta","sppC",0
23,0.59859,-51.75021,"Floresta","sppD",0
23,0.59859,-51.75021,"Floresta","sppE",0
23,0.59859,-51.75021,"Floresta","sppF",0
23,0.59859,-51.75021,"Floresta","sppG",4
23,0.59859,-51.75021,"Floresta","sppH",6
23,0.59859,-51.75021,"Floresta","sppI",0
23,0.59859,-51.75021,"Floresta","sppJ",0
23,0.59859,-51.75021,"Floresta","sppK",1
24,0.14007,-51.13842,"Cerrado","sppA",0
24,0.14007,-51.13842,"Cerrado","sppB",0
24,0.14007,-51.13842,"Cerrado","sppC",1
24,0.14007,-51.13842,"Cerrado","sppD",0
24,0.14007,-51.13842,"Cerrado","sppE",0
24,0.14007,-51.13842,"Cerrado","sppF",0
24,0.14007,-51.13842,"Cerrado","sppG",0
24,0.14007,-51.13842,"Cerrado","sppH",1
24,0.14007,-51.13842,"Cerrado","sppI",4
24,0.14007,-51.13842,"Cerrado","sppJ",2
24,0.14007,-51.13842,"Cerrado","sppK",0
25,0.29015,-51.1241,"Cerrado","sppA",0
25,0.29015,-51.1241,"Cerrado","sppB",0
25,0.29015,-51.1241,"Cerrado","sppC",0
25,0.29015,-51.1241,"Cerrado","sppD",0
25,0.29015,-51.1241,"Cerrado","sppE",1
25,0.29015,-51.1241,"Cerrado","sppF",0
25,0.29015,-51.1241,"Cerrado","sppG",2
25,0.29015,-51.1241,"Cerrado","sppH",0
25,0.29015,-51.1241,"Cerrado","sppI",1
25,0.29015,-51.1241,"Cerrado","sppJ",3
25,0.29015,-51.1241,"Cerrado","sppK",0
26,0.71028,-51.37211,"Cerrado","sppA",0
26,0.71028,-51.37211,"Cerrado","sppB",0
26,0.71028,-51.37211,"Cerrado","sppC",0
26,0.71028,-51.37211,"Cerrado","sppD",0
26,0.71028,-51.37211,"Cerrado","sppE",1
26,0.71028,-51.37211,"Cerrado","sppF",0
26,0.71028,-51.37211,"Cerrado","sppG",0
26,0.71028,-51.37211,"Cerrado","sppH",1
26,0.71028,-51.37211,"Cerrado","sppI",3
26,0.71028,-51.37211,"Cerrado","sppJ",1
26,0.71028,-51.37211,"Cerrado","sppK",2
27,0.770276,-51.23094,"Cerrado","sppA",0
27,0.770276,-51.23094,"Cerrado","sppB",0
27,0.770276,-51.23094,"Cerrado","sppC",2
27,0.770276,-51.23094,"Cerrado","sppD",0
27,0.770276,-51.23094,"Cerrado","sppE",0
27,0.770276,-51.23094,"Cerrado","sppF",0
27,0.770276,-51.23094,"Cerrado","sppG",0
27,0.770276,-51.23094,"Cerrado","sppH",2
27,0.770276,-51.23094,"Cerrado","sppI",0
27,0.770276,-51.23094,"Cerrado","sppJ",1
27,0.770276,-51.23094,"Cerrado","sppK",1
28,1.01793,-51.07335,"Cerrado","sppA",0
28,1.01793,-51.07335,"Cerrado","sppB",1
28,1.01793,-51.07335,"Cerrado","sppC",2
28,1.01793,-51.07335,"Cerrado","sppD",2
28,1.01793,-51.07335,"Cerrado","sppE",3
28,1.01793,-51.07335,"Cerrado","sppF",0
28,1.01793,-51.07335,"Cerrado","sppG",0
28,1.01793,-51.07335,"Cerrado","sppH",1
28,1.01793,-51.07335,"Cerrado","sppI",3
28,1.01793,-51.07335,"Cerrado","sppJ",1
28,1.01793,-51.07335,"Cerrado","sppK",0
29,0.80612,-51.20734,"Cerrado","sppA",0
29,0.80612,-51.20734,"Cerrado","sppB",1
29,0.80612,-51.20734,"Cerrado","sppC",1
29,0.80612,-51.20734,"Cerrado","sppD",0
29,0.80612,-51.20734,"Cerrado","sppE",1
29,0.80612,-51.20734,"Cerrado","sppF",0
29,0.80612,-51.20734,"Cerrado","sppG",0
29,0.80612,-51.20734,"Cerrado","sppH",1
29,0.80612,-51.20734,"Cerrado","sppI",2
29,0.80612,-51.20734,"Cerrado","sppJ",1
29,0.80612,-51.20734,"Cerrado","sppK",1
30,0.77526,-51.32966,"Floresta","sppA",0
30,0.77526,-51.32966,"Floresta","sppB",0
30,0.77526,-51.32966,"Floresta","sppC",2
30,0.77526,-51.32966,"Floresta","sppD",4
30,0.77526,-51.32966,"Floresta","sppE",1
30,0.77526,-51.32966,"Floresta","sppF",0
30,0.77526,-51.32966,"Floresta","sppG",2
30,0.77526,-51.32966,"Floresta","sppH",2
30,0.77526,-51.32966,"Floresta","sppI",1
30,0.77526,-51.32966,"Floresta","sppJ",0
30,0.77526,-51.32966,"Floresta","sppK",2
31,0.64582,-51.82376,"Floresta","sppA",0
31,0.64582,-51.82376,"Floresta","sppB",0
31,0.64582,-51.82376,"Floresta","sppC",0
31,0.64582,-51.82376,"Floresta","sppD",0
31,0.64582,-51.82376,"Floresta","sppE",1
31,0.64582,-51.82376,"Floresta","sppF",3
31,0.64582,-51.82376,"Floresta","sppG",1
31,0.64582,-51.82376,"Floresta","sppH",6
31,0.64582,-51.82376,"Floresta","sppI",2
31,0.64582,-51.82376,"Floresta","sppJ",0
31,0.64582,-51.82376,"Floresta","sppK",1
32,0.66096,-51.85627,"Floresta","sppA",0
32,0.66096,-51.85627,"Floresta","sppB",0
32,0.66096,-51.85627,"Floresta","sppC",0
32,0.66096,-51.85627,"Floresta","sppD",0
32,0.66096,-51.85627,"Floresta","sppE",1
32,0.66096,-51.85627,"Floresta","sppF",2
32,0.66096,-51.85627,"Floresta","sppG",3
32,0.66096,-51.85627,"Floresta","sppH",3
32,0.66096,-51.85627,"Floresta","sppI",1
32,0.66096,-51.85627,"Floresta","sppJ",0
32,0.66096,-51.85627,"Floresta","sppK",1
33,0.68606,-51.8884,"Floresta","sppA",0
33,0.68606,-51.8884,"Floresta","sppB",0
33,0.68606,-51.8884,"Floresta","sppC",0
33,0.68606,-51.8884,"Floresta","sppD",0
33,0.68606,-51.8884,"Floresta","sppE",3
33,0.68606,-51.8884,"Floresta","sppF",3
33,0.68606,-51.8884,"Floresta","sppG",2
33,0.68606,-51.8884,"Floresta","sppH",3
33,0.68606,-51.8884,"Floresta","sppI",0
33,0.68606,-51.8884,"Floresta","sppJ",1
33,0.68606,-51.8884,"Floresta","sppK",3
34,0.59311,-51.34351,"Cerrado","sppA",0
34,0.59311,-51.34351,"Cerrado","sppB",0
34,0.59311,-51.34351,"Cerrado","sppC",1
34,0.59311,-51.34351,"Cerrado","sppD",0
34,0.59311,-51.34351,"Cerrado","sppE",0
34,0.59311,-51.34351,"Cerrado","sppF",0
34,0.59311,-51.34351,"Cerrado","sppG",0
34,0.59311,-51.34351,"Cerrado","sppH",1
34,0.59311,-51.34351,"Cerrado","sppI",4
34,0.59311,-51.34351,"Cerrado","sppJ",2
34,0.59311,-51.34351,"Cerrado","sppK",2
35,0.40785,-51.11499,"Cerrado","sppA",0
35,0.40785,-51.11499,"Cerrado","sppB",0
35,0.40785,-51.11499,"Cerrado","sppC",3
35,0.40785,-51.11499,"Cerrado","sppD",0
35,0.40785,-51.11499,"Cerrado","sppE",1
35,0.40785,-51.11499,"Cerrado","sppF",0
35,0.40785,-51.11499,"Cerrado","sppG",0
35,0.40785,-51.11499,"Cerrado","sppH",2
35,0.40785,-51.11499,"Cerrado","sppI",4
35,0.40785,-51.11499,"Cerrado","sppJ",1
35,0.40785,-51.11499,"Cerrado","sppK",0
36,-0.1164,-51.38822,"Floresta","sppA",0
36,-0.1164,-51.38822,"Floresta","sppB",0
36,-0.1164,-51.38822,"Floresta","sppC",1
36,-0.1164,-51.38822,"Floresta","sppD",0
36,-0.1164,-51.38822,"Floresta","sppE",0
36,-0.1164,-51.38822,"Floresta","sppF",0
36,-0.1164,-51.38822,"Floresta","sppG",2
36,-0.1164,-51.38822,"Floresta","sppH",1
36,-0.1164,-51.38822,"Floresta","sppI",1
36,-0.1164,-51.38822,"Floresta","sppJ",0
36,-0.1164,-51.38822,"Floresta","sppK",4
37,-0.09047,-51.4149,"Floresta","sppA",0
37,-0.09047,-51.4149,"Floresta","sppB",2
37,-0.09047,-51.4149,"Floresta","sppC",1
37,-0.09047,-51.4149,"Floresta","sppD",1
37,-0.09047,-51.4149,"Floresta","sppE",0
37,-0.09047,-51.4149,"Floresta","sppF",0
37,-0.09047,-51.4149,"Floresta","sppG",2
37,-0.09047,-51.4149,"Floresta","sppH",0
37,-0.09047,-51.4149,"Floresta","sppI",1
37,-0.09047,-51.4149,"Floresta","sppJ",0
37,-0.09047,-51.4149,"Floresta","sppK",3
38,-0.07973,-51.44478,"Floresta","sppA",0
38,-0.07973,-51.44478,"Floresta","sppB",1
38,-0.07973,-51.44478,"Floresta","sppC",1
38,-0.07973,-51.44478,"Floresta","sppD",2
38,-0.07973,-51.44478,"Floresta","sppE",0
38,-0.07973,-51.44478,"Floresta","sppF",0
38,-0.07973,-51.44478,"Floresta","sppG",2
38,-0.07973,-51.44478,"Floresta","sppH",1
38,-0.07973,-51.44478,"Floresta","sppI",1
38,-0.07973,-51.44478,"Floresta","sppJ",0
38,-0.07973,-51.44478,"Floresta","sppK",1
39,-0.08339,-51.48884,"Floresta","sppA",0
39,-0.08339,-51.48884,"Floresta","sppB",0
39,-0.08339,-51.48884,"Floresta","sppC",0
39,-0.08339,-51.48884,"Floresta","sppD",0
39,-0.08339,-51.48884,"Floresta","sppE",0
39,-0.08339,-51.48884,"Floresta","sppF",0
39,-0.08339,-51.48884,"Floresta","sppG",1
39,-0.08339,-51.48884,"Floresta","sppH",2
39,-0.08339,-51.48884,"Floresta","sppI",1
39,-0.08339,-51.48884,"Floresta","sppJ",1
39,-0.08339,-51.48884,"Floresta","sppK",3
40,0.12307,-51.11346,"Cerrado","sppA",0
40,0.12307,-51.11346,"Cerrado","sppB",0
40,0.12307,-51.11346,"Cerrado","sppC",1
40,0.12307,-51.11346,"Cerrado","sppD",0
40,0.12307,-51.11346,"Cerrado","sppE",1
40,0.12307,-51.11346,"Cerrado","sppF",0
40,0.12307,-51.11346,"Cerrado","sppG",0
40,0.12307,-51.11346,"Cerrado","sppH",0
40,0.12307,-51.11346,"Cerrado","sppI",5
40,0.12307,-51.11346,"Cerrado","sppJ",3
40,0.12307,-51.11346,"Cerrado","sppK",0
41,0.14995,-51.03901,"Cerrado","sppA",0
41,0.14995,-51.03901,"Cerrado","sppB",0
41,0.14995,-51.03901,"Cerrado","sppC",0
41,0.14995,-51.03901,"Cerrado","sppD",0
41,0.14995,-51.03901,"Cerrado","sppE",1
41,0.14995,-51.03901,"Cerrado","sppF",0
41,0.14995,-51.03901,"Cerrado","sppG",1
41,0.14995,-51.03901,"Cerrado","sppH",1
41,0.14995,-51.03901,"Cerrado","sppI",3
41,0.14995,-51.03901,"Cerrado","sppJ",1
41,0.14995,-51.03901,"Cerrado","sppK",1
42,0.2149,-50.97372,"Cerrado","sppA",0
42,0.2149,-50.97372,"Cerrado","sppB",1
42,0.2149,-50.97372,"Cerrado","sppC",1
42,0.2149,-50.97372,"Cerrado","sppD",0
42,0.2149,-50.97372,"Cerrado","sppE",1
42,0.2149,-50.97372,"Cerrado","sppF",0
42,0.2149,-50.97372,"Cerrado","sppG",0
42,0.2149,-50.97372,"Cerrado","sppH",1
42,0.2149,-50.97372,"Cerrado","sppI",1
42,0.2149,-50.97372,"Cerrado","sppJ",3
42,0.2149,-50.97372,"Cerrado","sppK",0
43,0.26175,-50.947771,"Cerrado","sppA",0
43,0.26175,-50.947771,"Cerrado","sppB",0
43,0.26175,-50.947771,"Cerrado","sppC",1
43,0.26175,-50.947771,"Cerrado","sppD",0
43,0.26175,-50.947771,"Cerrado","sppE",1
43,0.26175,-50.947771,"Cerrado","sppF",0
43,0.26175,-50.947771,"Cerrado","sppG",2
43,0.26175,-50.947771,"Cerrado","sppH",1
43,0.26175,-50.947771,"Cerrado","sppI",1
43,0.26175,-50.947771,"Cerrado","sppJ",4
43,0.26175,-50.947771,"Cerrado","sppK",1
44,0.2401,-51.15085,"Cerrado","sppA",0
44,0.2401,-51.15085,"Cerrado","sppB",1
44,0.2401,-51.15085,"Cerrado","sppC",0
44,0.2401,-51.15085,"Cerrado","sppD",0
44,0.2401,-51.15085,"Cerrado","sppE",1
44,0.2401,-51.15085,"Cerrado","sppF",0
44,0.2401,-51.15085,"Cerrado","sppG",2
44,0.2401,-51.15085,"Cerrado","sppH",1
44,0.2401,-51.15085,"Cerrado","sppI",0
44,0.2401,-51.15085,"Cerrado","sppJ",3
44,0.2401,-51.15085,"Cerrado","sppK",0
45,0.21849,-51.24926,"Cerrado","sppA",0
45,0.21849,-51.24926,"Cerrado","sppB",0
45,0.21849,-51.24926,"Cerrado","sppC",1
45,0.21849,-51.24926,"Cerrado","sppD",0
45,0.21849,-51.24926,"Cerrado","sppE",2
45,0.21849,-51.24926,"Cerrado","sppF",0
45,0.21849,-51.24926,"Cerrado","sppG",1
45,0.21849,-51.24926,"Cerrado","sppH",2
45,0.21849,-51.24926,"Cerrado","sppI",1
45,0.21849,-51.24926,"Cerrado","sppJ",2
45,0.21849,-51.24926,"Cerrado","sppK",2
46,0.62238,-51.77753,"Floresta","sppA",0
46,0.62238,-51.77753,"Floresta","sppB",1
46,0.62238,-51.77753,"Floresta","sppC",0
46,0.62238,-51.77753,"Floresta","sppD",0
46,0.62238,-51.77753,"Floresta","sppE",1
46,0.62238,-51.77753,"Floresta","sppF",0
46,0.62238,-51.77753,"Floresta","sppG",1
46,0.62238,-51.77753,"Floresta","sppH",6
46,0.62238,-51.77753,"Floresta","sppI",1
46,0.62238,-51.77753,"Floresta","sppJ",0
46,0.62238,-51.77753,"Floresta","sppK",1
47,0.26604,-50.90021,"Cerrado","sppA",0
47,0.26604,-50.90021,"Cerrado","sppB",0
47,0.26604,-50.90021,"Cerrado","sppC",0
47,0.26604,-50.90021,"Cerrado","sppD",0
47,0.26604,-50.90021,"Cerrado","sppE",2
47,0.26604,-50.90021,"Cerrado","sppF",0
47,0.26604,-50.90021,"Cerrado","sppG",2
47,0.26604,-50.90021,"Cerrado","sppH",3
47,0.26604,-50.90021,"Cerrado","sppI",0
47,0.26604,-50.90021,"Cerrado","sppJ",0
47,0.26604,-50.90021,"Cerrado","sppK",2
48,0.33318,-50.87667,"Cerrado","sppA",0
48,0.33318,-50.87667,"Cerrado","sppB",0
48,0.33318,-50.87667,"Cerrado","sppC",0
48,0.33318,-50.87667,"Cerrado","sppD",0
48,0.33318,-50.87667,"Cerrado","sppE",2
48,0.33318,-50.87667,"Cerrado","sppF",0
48,0.33318,-50.87667,"Cerrado","sppG",2
48,0.33318,-50.87667,"Cerrado","sppH",5
48,0.33318,-50.87667,"Cerrado","sppI",1
48,0.33318,-50.87667,"Cerrado","sppJ",0
48,0.33318,-50.87667,"Cerrado","sppK",1
49,0.5785,-50.79934,"Cerrado","sppA",0
49,0.5785,-50.79934,"Cerrado","sppB",3
49,0.5785,-50.79934,"Cerrado","sppC",1
49,0.5785,-50.79934,"Cerrado","sppD",0
49,0.5785,-50.79934,"Cerrado","sppE",0
49,0.5785,-50.79934,"Cerrado","sppF",0
49,0.5785,-50.79934,"Cerrado","sppG",0
49,0.5785,-50.79934,"Cerrado","sppH",0
49,0.5785,-50.79934,"Cerrado","sppI",3
49,0.5785,-50.79934,"Cerrado","sppJ",0
49,0.5785,-50.79934,"Cerrado","sppK",0
50,0.47138,-50.83549,"Cerrado","sppA",0
50,0.47138,-50.83549,"Cerrado","sppB",0
50,0.47138,-50.83549,"Cerrado","sppC",2
50,0.47138,-50.83549,"Cerrado","sppD",0
50,0.47138,-50.83549,"Cerrado","sppE",0
50,0.47138,-50.83549,"Cerrado","sppF",0
50,0.47138,-50.83549,"Cerrado","sppG",0
50,0.47138,-50.83549,"Cerrado","sppH",2
50,0.47138,-50.83549,"Cerrado","sppI",3
50,0.47138,-50.83549,"Cerrado","sppJ",3
50,0.47138,-50.83549,"Cerrado","sppK",0
51,0.82999,-51.24978,"Cerrado","sppA",0
51,0.82999,-51.24978,"Cerrado","sppB",2
51,0.82999,-51.24978,"Cerrado","sppC",1
51,0.82999,-51.24978,"Cerrado","sppD",0
51,0.82999,-51.24978,"Cerrado","sppE",1
51,0.82999,-51.24978,"Cerrado","sppF",0
51,0.82999,-51.24978,"Cerrado","sppG",1
51,0.82999,-51.24978,"Cerrado","sppH",0
51,0.82999,-51.24978,"Cerrado","sppI",2
51,0.82999,-51.24978,"Cerrado","sppJ",0
51,0.82999,-51.24978,"Cerrado","sppK",3
52,0.87725,-51.19751,"Cerrado","sppA",0
52,0.87725,-51.19751,"Cerrado","sppB",0
52,0.87725,-51.19751,"Cerrado","sppC",0
52,0.87725,-51.19751,"Cerrado","sppD",0
52,0.87725,-51.19751,"Cerrado","sppE",0
52,0.87725,-51.19751,"Cerrado","sppF",0
52,0.87725,-51.19751,"Cerrado","sppG",0
52,0.87725,-51.19751,"Cerrado","sppH",0
52,0.87725,-51.19751,"Cerrado","sppI",2
52,0.87725,-51.19751,"Cerrado","sppJ",3
52,0.87725,-51.19751,"Cerrado","sppK",1
53,1.00849,-51.29485,"Floresta","sppA",0
53,1.00849,-51.29485,"Floresta","sppB",0
53,1.00849,-51.29485,"Floresta","sppC",0
53,1.00849,-51.29485,"Floresta","sppD",2
53,1.00849,-51.29485,"Floresta","sppE",1
53,1.00849,-51.29485,"Floresta","sppF",0
53,1.00849,-51.29485,"Floresta","sppG",1
53,1.00849,-51.29485,"Floresta","sppH",1
53,1.00849,-51.29485,"Floresta","sppI",2
53,1.00849,-51.29485,"Floresta","sppJ",0
53,1.00849,-51.29485,"Floresta","sppK",2
54,0.23926,-51.28197,"Cerrado","sppA",0
54,0.23926,-51.28197,"Cerrado","sppB",0
54,0.23926,-51.28197,"Cerrado","sppC",0
54,0.23926,-51.28197,"Cerrado","sppD",0
54,0.23926,-51.28197,"Cerrado","sppE",0
54,0.23926,-51.28197,"Cerrado","sppF",0
54,0.23926,-51.28197,"Cerrado","sppG",0
54,0.23926,-51.28197,"Cerrado","sppH",2
54,0.23926,-51.28197,"Cerrado","sppI",1
54,0.23926,-51.28197,"Cerrado","sppJ",3
54,0.23926,-51.28197,"Cerrado","sppK",1
55,0.18888,-51.27711,"Cerrado","sppA",0
55,0.18888,-51.27711,"Cerrado","sppB",0
55,0.18888,-51.27711,"Cerrado","sppC",0
55,0.18888,-51.27711,"Cerrado","sppD",0
55,0.18888,-51.27711,"Cerrado","sppE",1
55,0.18888,-51.27711,"Cerrado","sppF",0
55,0.18888,-51.27711,"Cerrado","sppG",0
55,0.18888,-51.27711,"Cerrado","sppH",0
55,0.18888,-51.27711,"Cerrado","sppI",1
55,0.18888,-51.27711,"Cerrado","sppJ",2
55,0.18888,-51.27711,"Cerrado","sppK",1
56,0.13997,-51.4253,"Cerrado","sppA",0
56,0.13997,-51.4253,"Cerrado","sppB",0
56,0.13997,-51.4253,"Cerrado","sppC",1
56,0.13997,-51.4253,"Cerrado","sppD",0
56,0.13997,-51.4253,"Cerrado","sppE",0
56,0.13997,-51.4253,"Cerrado","sppF",0
56,0.13997,-51.4253,"Cerrado","sppG",0
56,0.13997,-51.4253,"Cerrado","sppH",0
56,0.13997,-51.4253,"Cerrado","sppI",2
56,0.13997,-51.4253,"Cerrado","sppJ",3
56,0.13997,-51.4253,"Cerrado","sppK",1
57,0.07058,-51.43643,"Cerrado","sppA",0
57,0.07058,-51.43643,"Cerrado","sppB",0
57,0.07058,-51.43643,"Cerrado","sppC",0
57,0.07058,-51.43643,"Cerrado","sppD",0
57,0.07058,-51.43643,"Cerrado","sppE",2
57,0.07058,-51.43643,"Cerrado","sppF",1
57,0.07058,-51.43643,"Cerrado","sppG",0
57,0.07058,-51.43643,"Cerrado","sppH",3
57,0.07058,-51.43643,"Cerrado","sppI",2
57,0.07058,-51.43643,"Cerrado","sppJ",0
57,0.07058,-51.43643,"Cerrado","sppK",2
58,0.10813,-51.35652,"Cerrado","sppA",0
58,0.10813,-51.35652,"Cerrado","sppB",0
58,0.10813,-51.35652,"Cerrado","sppC",0
58,0.10813,-51.35652,"Cerrado","sppD",0
58,0.10813,-51.35652,"Cerrado","sppE",0
58,0.10813,-51.35652,"Cerrado","sppF",0
58,0.10813,-51.35652,"Cerrado","sppG",2
58,0.10813,-51.35652,"Cerrado","sppH",2
58,0.10813,-51.35652,"Cerrado","sppI",1
58,0.10813,-51.35652,"Cerrado","sppJ",2
58,0.10813,-51.35652,"Cerrado","sppK",0
59,0.38566,-51.20977,"Cerrado","sppA",0
59,0.38566,-51.20977,"Cerrado","sppB",1
59,0.38566,-51.20977,"Cerrado","sppC",0
59,0.38566,-51.20977,"Cerrado","sppD",0
59,0.38566,-51.20977,"Cerrado","sppE",0
59,0.38566,-51.20977,"Cerrado","sppF",0
59,0.38566,-51.20977,"Cerrado","sppG",1
59,0.38566,-51.20977,"Cerrado","sppH",1
59,0.38566,-51.20977,"Cerrado","sppI",0
59,0.38566,-51.20977,"Cerrado","sppJ",0
59,0.38566,-51.20977,"Cerrado","sppK",1
60,0.35381,-51.20778,"Cerrado","sppA",0
60,0.35381,-51.20778,"Cerrado","sppB",0
60,0.35381,-51.20778,"Cerrado","sppC",1
60,0.35381,-51.20778,"Cerrado","sppD",0
60,0.35381,-51.20778,"Cerrado","sppE",0
60,0.35381,-51.20778,"Cerrado","sppF",0
60,0.35381,-51.20778,"Cerrado","sppG",2
60,0.35381,-51.20778,"Cerrado","sppH",2
60,0.35381,-51.20778,"Cerrado","sppI",1
60,0.35381,-51.20778,"Cerrado","sppJ",0
60,0.35381,-51.20778,"Cerrado","sppK",1
61,0.29715,-51.13442,"Cerrado","sppA",0
61,0.29715,-51.13442,"Cerrado","sppB",0
61,0.29715,-51.13442,"Cerrado","sppC",0
61,0.29715,-51.13442,"Cerrado","sppD",0
61,0.29715,-51.13442,"Cerrado","sppE",0
61,0.29715,-51.13442,"Cerrado","sppF",0
61,0.29715,-51.13442,"Cerrado","sppG",2
61,0.29715,-51.13442,"Cerrado","sppH",0
61,0.29715,-51.13442,"Cerrado","sppI",0
61,0.29715,-51.13442,"Cerrado","sppJ",3
61,0.29715,-51.13442,"Cerrado","sppK",0
62,0.31558,-51.16727,"Cerrado","sppA",0
62,0.31558,-51.16727,"Cerrado","sppB",0
62,0.31558,-51.16727,"Cerrado","sppC",0
62,0.31558,-51.16727,"Cerrado","sppD",0
62,0.31558,-51.16727,"Cerrado","sppE",0
62,0.31558,-51.16727,"Cerrado","sppF",0
62,0.31558,-51.16727,"Cerrado","sppG",2
62,0.31558,-51.16727,"Cerrado","sppH",2
62,0.31558,-51.16727,"Cerrado","sppI",1
62,0.31558,-51.16727,"Cerrado","sppJ",1
62,0.31558,-51.16727,"Cerrado","sppK",1
63,0.31662,-51.19949,"Cerrado","sppA",0
63,0.31662,-51.19949,"Cerrado","sppB",0
63,0.31662,-51.19949,"Cerrado","sppC",1
63,0.31662,-51.19949,"Cerrado","sppD",0
63,0.31662,-51.19949,"Cerrado","sppE",0
63,0.31662,-51.19949,"Cerrado","sppF",0
63,0.31662,-51.19949,"Cerrado","sppG",4
63,0.31662,-51.19949,"Cerrado","sppH",2
63,0.31662,-51.19949,"Cerrado","sppI",3
63,0.31662,-51.19949,"Cerrado","sppJ",1
63,0.31662,-51.19949,"Cerrado","sppK",1
64,0.78295,-51.59986,"Floresta","sppA",0
64,0.78295,-51.59986,"Floresta","sppB",1
64,0.78295,-51.59986,"Floresta","sppC",0
64,0.78295,-51.59986,"Floresta","sppD",0
64,0.78295,-51.59986,"Floresta","sppE",0
64,0.78295,-51.59986,"Floresta","sppF",2
64,0.78295,-51.59986,"Floresta","sppG",4
64,0.78295,-51.59986,"Floresta","sppH",1
64,0.78295,-51.59986,"Floresta","sppI",2
64,0.78295,-51.59986,"Floresta","sppJ",3
64,0.78295,-51.59986,"Floresta","sppK",1
65,0.8194,-51.60704,"Floresta","sppA",0
65,0.8194,-51.60704,"Floresta","sppB",0
65,0.8194,-51.60704,"Floresta","sppC",0
65,0.8194,-51.60704,"Floresta","sppD",0
65,0.8194,-51.60704,"Floresta","sppE",1
65,0.8194,-51.60704,"Floresta","sppF",2
65,0.8194,-51.60704,"Floresta","sppG",5
65,0.8194,-51.60704,"Floresta","sppH",2
65,0.8194,-51.60704,"Floresta","sppI",0
65,0.8194,-51.60704,"Floresta","sppJ",2
65,0.8194,-51.60704,"Floresta","sppK",3
66,0.85447,-51.61912,"Floresta","sppA",0
66,0.85447,-51.61912,"Floresta","sppB",1
66,0.85447,-51.61912,"Floresta","sppC",0
66,0.85447,-51.61912,"Floresta","sppD",1
66,0.85447,-51.61912,"Floresta","sppE",2
66,0.85447,-51.61912,"Floresta","sppF",0
66,0.85447,-51.61912,"Floresta","sppG",4
66,0.85447,-51.61912,"Floresta","sppH",4
66,0.85447,-51.61912,"Floresta","sppI",0
66,0.85447,-51.61912,"Floresta","sppJ",2
66,0.85447,-51.61912,"Floresta","sppK",2
67,0.97523,-51.69931,"Floresta","sppA",0
67,0.97523,-51.69931,"Floresta","sppB",1
67,0.97523,-51.69931,"Floresta","sppC",0
67,0.97523,-51.69931,"Floresta","sppD",1
67,0.97523,-51.69931,"Floresta","sppE",1
67,0.97523,-51.69931,"Floresta","sppF",5
67,0.97523,-51.69931,"Floresta","sppG",3
67,0.97523,-51.69931,"Floresta","sppH",4
67,0.97523,-51.69931,"Floresta","sppI",0
67,0.97523,-51.69931,"Floresta","sppJ",1
67,0.97523,-51.69931,"Floresta","sppK",2
68,1.01124,-51.67407,"Floresta","sppA",0
68,1.01124,-51.67407,"Floresta","sppB",1
68,1.01124,-51.67407,"Floresta","sppC",0
68,1.01124,-51.67407,"Floresta","sppD",3
68,1.01124,-51.67407,"Floresta","sppE",1
68,1.01124,-51.67407,"Floresta","sppF",1
68,1.01124,-51.67407,"Floresta","sppG",7
68,1.01124,-51.67407,"Floresta","sppH",3
68,1.01124,-51.67407,"Floresta","sppI",1
68,1.01124,-51.67407,"Floresta","sppJ",1
68,1.01124,-51.67407,"Floresta","sppK",2
69,0.97194,-51.59742,"Floresta","sppA",0
69,0.97194,-51.59742,"Floresta","sppB",0
69,0.97194,-51.59742,"Floresta","sppC",0
69,0.97194,-51.59742,"Floresta","sppD",1
69,0.97194,-51.59742,"Floresta","sppE",1
69,0.97194,-51.59742,"Floresta","sppF",1
69,0.97194,-51.59742,"Floresta","sppG",2
69,0.97194,-51.59742,"Floresta","sppH",2
69,0.97194,-51.59742,"Floresta","sppI",0
69,0.97194,-51.59742,"Floresta","sppJ",0
69,0.97194,-51.59742,"Floresta","sppK",0
70,0.90786,-51.60439,"Floresta","sppA",0
70,0.90786,-51.60439,"Floresta","sppB",0
70,0.90786,-51.60439,"Floresta","sppC",0
70,0.90786,-51.60439,"Floresta","sppD",1
70,0.90786,-51.60439,"Floresta","sppE",1
70,0.90786,-51.60439,"Floresta","sppF",0
70,0.90786,-51.60439,"Floresta","sppG",4
70,0.90786,-51.60439,"Floresta","sppH",1
70,0.90786,-51.60439,"Floresta","sppI",0
70,0.90786,-51.60439,"Floresta","sppJ",0
70,0.90786,-51.60439,"Floresta","sppK",3
71,0.7623,-51.57862,"Floresta","sppA",0
71,0.7623,-51.57862,"Floresta","sppB",1
71,0.7623,-51.57862,"Floresta","sppC",0
71,0.7623,-51.57862,"Floresta","sppD",1
71,0.7623,-51.57862,"Floresta","sppE",1
71,0.7623,-51.57862,"Floresta","sppF",1
71,0.7623,-51.57862,"Floresta","sppG",2
71,0.7623,-51.57862,"Floresta","sppH",1
71,0.7623,-51.57862,"Floresta","sppI",1
71,0.7623,-51.57862,"Floresta","sppJ",0
71,0.7623,-51.57862,"Floresta","sppK",1
72,0.99539,-51.68808,"Floresta","sppA",0
72,0.99539,-51.68808,"Floresta","sppB",1
72,0.99539,-51.68808,"Floresta","sppC",0
72,0.99539,-51.68808,"Floresta","sppD",4
72,0.99539,-51.68808,"Floresta","sppE",1
72,0.99539,-51.68808,"Floresta","sppF",2
72,0.99539,-51.68808,"Floresta","sppG",6
72,0.99539,-51.68808,"Floresta","sppH",3
72,0.99539,-51.68808,"Floresta","sppI",0
72,0.99539,-51.68808,"Floresta","sppJ",1
72,0.99539,-51.68808,"Floresta","sppK",1
73,1.01172,-51.67675,"Floresta","sppA",0
73,1.01172,-51.67675,"Floresta","sppB",1
73,1.01172,-51.67675,"Floresta","sppC",0
73,1.01172,-51.67675,"Floresta","sppD",3
73,1.01172,-51.67675,"Floresta","sppE",0
73,1.01172,-51.67675,"Floresta","sppF",2
73,1.01172,-51.67675,"Floresta","sppG",7
73,1.01172,-51.67675,"Floresta","sppH",2
73,1.01172,-51.67675,"Floresta","sppI",1
73,1.01172,-51.67675,"Floresta","sppJ",1
73,1.01172,-51.67675,"Floresta","sppK",1
74,0.8481,-51.61792,"Floresta","sppA",0
74,0.8481,-51.61792,"Floresta","sppB",1
74,0.8481,-51.61792,"Floresta","sppC",0
74,0.8481,-51.61792,"Floresta","sppD",1
74,0.8481,-51.61792,"Floresta","sppE",2
74,0.8481,-51.61792,"Floresta","sppF",0
74,0.8481,-51.61792,"Floresta","sppG",4
74,0.8481,-51.61792,"Floresta","sppH",5
74,0.8481,-51.61792,"Floresta","sppI",0
74,0.8481,-51.61792,"Floresta","sppJ",2
74,0.8481,-51.61792,"Floresta","sppK",2
75,0.91021,-51.60237,"Floresta","sppA",0
75,0.91021,-51.60237,"Floresta","sppB",0
75,0.91021,-51.60237,"Floresta","sppC",0
75,0.91021,-51.60237,"Floresta","sppD",1
75,0.91021,-51.60237,"Floresta","sppE",1
75,0.91021,-51.60237,"Floresta","sppF",0
75,0.91021,-51.60237,"Floresta","sppG",4
75,0.91021,-51.60237,"Floresta","sppH",1
75,0.91021,-51.60237,"Floresta","sppI",0
75,0.91021,-51.60237,"Floresta","sppJ",0
75,0.91021,-51.60237,"Floresta","sppK",2
76,0.90813,-51.60396,"Floresta","sppA",0
76,0.90813,-51.60396,"Floresta","sppB",0
76,0.90813,-51.60396,"Floresta","sppC",0
76,0.90813,-51.60396,"Floresta","sppD",1
76,0.90813,-51.60396,"Floresta","sppE",1
76,0.90813,-51.60396,"Floresta","sppF",0
76,0.90813,-51.60396,"Floresta","sppG",4
76,0.90813,-51.60396,"Floresta","sppH",1
76,0.90813,-51.60396,"Floresta","sppI",0
76,0.90813,-51.60396,"Floresta","sppJ",0
76,0.90813,-51.60396,"Floresta","sppK",3
77,0.83401,-51.6154,"Floresta","sppA",0
77,0.83401,-51.6154,"Floresta","sppB",1
77,0.83401,-51.6154,"Floresta","sppC",0
77,0.83401,-51.6154,"Floresta","sppD",0
77,0.83401,-51.6154,"Floresta","sppE",2
77,0.83401,-51.6154,"Floresta","sppF",1
77,0.83401,-51.6154,"Floresta","sppG",3
77,0.83401,-51.6154,"Floresta","sppH",4
77,0.83401,-51.6154,"Floresta","sppI",0
77,0.83401,-51.6154,"Floresta","sppJ",2
77,0.83401,-51.6154,"Floresta","sppK",2
78,0.8211,-51.61067,"Floresta","sppA",0
78,0.8211,-51.61067,"Floresta","sppB",0
78,0.8211,-51.61067,"Floresta","sppC",0
78,0.8211,-51.61067,"Floresta","sppD",0
78,0.8211,-51.61067,"Floresta","sppE",1
78,0.8211,-51.61067,"Floresta","sppF",3
78,0.8211,-51.61067,"Floresta","sppG",4
78,0.8211,-51.61067,"Floresta","sppH",2
78,0.8211,-51.61067,"Floresta","sppI",0
78,0.8211,-51.61067,"Floresta","sppJ",2
78,0.8211,-51.61067,"Floresta","sppK",2
79,0.9777,-51.66909,"Floresta","sppA",0
79,0.9777,-51.66909,"Floresta","sppB",1
79,0.9777,-51.66909,"Floresta","sppC",0
79,0.9777,-51.66909,"Floresta","sppD",2
79,0.9777,-51.66909,"Floresta","sppE",1
79,0.9777,-51.66909,"Floresta","sppF",1
79,0.9777,-51.66909,"Floresta","sppG",5
79,0.9777,-51.66909,"Floresta","sppH",2
79,0.9777,-51.66909,"Floresta","sppI",0
79,0.9777,-51.66909,"Floresta","sppJ",0
79,0.9777,-51.66909,"Floresta","sppK",1
80,0.87233,-51.62702,"Floresta","sppA",0
80,0.87233,-51.62702,"Floresta","sppB",1
80,0.87233,-51.62702,"Floresta","sppC",0
80,0.87233,-51.62702,"Floresta","sppD",2
80,0.87233,-51.62702,"Floresta","sppE",1
80,0.87233,-51.62702,"Floresta","sppF",0
80,0.87233,-51.62702,"Floresta","sppG",3
80,0.87233,-51.62702,"Floresta","sppH",3
80,0.87233,-51.62702,"Floresta","sppI",0
80,0.87233,-51.62702,"Floresta","sppJ",1
80,0.87233,-51.62702,"Floresta","sppK",3
81,0.85478,-51.61883,"Floresta","sppA",0
81,0.85478,-51.61883,"Floresta","sppB",1
81,0.85478,-51.61883,"Floresta","sppC",0
81,0.85478,-51.61883,"Floresta","sppD",1
81,0.85478,-51.61883,"Floresta","sppE",2
81,0.85478,-51.61883,"Floresta","sppF",0
81,0.85478,-51.61883,"Floresta","sppG",4
81,0.85478,-51.61883,"Floresta","sppH",4
81,0.85478,-51.61883,"Floresta","sppI",0
81,0.85478,-51.61883,"Floresta","sppJ",2
81,0.85478,-51.61883,"Floresta","sppK",2
82,0.83543,-51.61105,"Floresta","sppA",0
82,0.83543,-51.61105,"Floresta","sppB",1
82,0.83543,-51.61105,"Floresta","sppC",0
82,0.83543,-51.61105,"Floresta","sppD",0
82,0.83543,-51.61105,"Floresta","sppE",2
82,0.83543,-51.61105,"Floresta","sppF",2
82,0.83543,-51.61105,"Floresta","sppG",3
82,0.83543,-51.61105,"Floresta","sppH",3
82,0.83543,-51.61105,"Floresta","sppI",0
82,0.83543,-51.61105,"Floresta","sppJ",2
82,0.83543,-51.61105,"Floresta","sppK",2
83,0.82779,-51.60623,"Floresta","sppA",0
83,0.82779,-51.60623,"Floresta","sppB",0
83,0.82779,-51.60623,"Floresta","sppC",0
83,0.82779,-51.60623,"Floresta","sppD",0
83,0.82779,-51.60623,"Floresta","sppE",2
83,0.82779,-51.60623,"Floresta","sppF",2
83,0.82779,-51.60623,"Floresta","sppG",5
83,0.82779,-51.60623,"Floresta","sppH",2
83,0.82779,-51.60623,"Floresta","sppI",0
83,0.82779,-51.60623,"Floresta","sppJ",2
83,0.82779,-51.60623,"Floresta","sppK",3
84,0.82908,-51.60729,"Floresta","sppA",0
84,0.82908,-51.60729,"Floresta","sppB",0
84,0.82908,-51.60729,"Floresta","sppC",0
84,0.82908,-51.60729,"Floresta","sppD",0
84,0.82908,-51.60729,"Floresta","sppE",2
84,0.82908,-51.60729,"Floresta","sppF",2
84,0.82908,-51.60729,"Floresta","sppG",4
84,0.82908,-51.60729,"Floresta","sppH",3
84,0.82908,-51.60729,"Floresta","sppI",0
84,0.82908,-51.60729,"Floresta","sppJ",2
84,0.82908,-51.60729,"Floresta","sppK",3
85,0.80653,-51.60891,"Floresta","sppA",0
85,0.80653,-51.60891,"Floresta","sppB",0
85,0.80653,-51.60891,"Floresta","sppC",0
85,0.80653,-51.60891,"Floresta","sppD",0
85,0.80653,-51.60891,"Floresta","sppE",1
85,0.80653,-51.60891,"Floresta","sppF",1
85,0.80653,-51.60891,"Floresta","sppG",4
85,0.80653,-51.60891,"Floresta","sppH",2
85,0.80653,-51.60891,"Floresta","sppI",0
85,0.80653,-51.60891,"Floresta","sppJ",1
85,0.80653,-51.60891,"Floresta","sppK",1
86,0.76398,-51.57842,"Floresta","sppA",0
86,0.76398,-51.57842,"Floresta","sppB",1
86,0.76398,-51.57842,"Floresta","sppC",0
86,0.76398,-51.57842,"Floresta","sppD",1
86,0.76398,-51.57842,"Floresta","sppE",1
86,0.76398,-51.57842,"Floresta","sppF",1
86,0.76398,-51.57842,"Floresta","sppG",2
86,0.76398,-51.57842,"Floresta","sppH",1
86,0.76398,-51.57842,"Floresta","sppI",1
86,0.76398,-51.57842,"Floresta","sppJ",0
86,0.76398,-51.57842,"Floresta","sppK",1
87,0.76234,-51.5812,"Floresta","sppA",0
87,0.76234,-51.5812,"Floresta","sppB",1
87,0.76234,-51.5812,"Floresta","sppC",0
87,0.76234,-51.5812,"Floresta","sppD",1
87,0.76234,-51.5812,"Floresta","sppE",1
87,0.76234,-51.5812,"Floresta","sppF",2
87,0.76234,-51.5812,"Floresta","sppG",3
87,0.76234,-51.5812,"Floresta","sppH",2
87,0.76234,-51.5812,"Floresta","sppI",1
87,0.76234,-51.5812,"Floresta","sppJ",0
87,0.76234,-51.5812,"Floresta","sppK",1
88,0.73708,-51.57149,"Floresta","sppA",0
88,0.73708,-51.57149,"Floresta","sppB",1
88,0.73708,-51.57149,"Floresta","sppC",0
88,0.73708,-51.57149,"Floresta","sppD",1
88,0.73708,-51.57149,"Floresta","sppE",3
88,0.73708,-51.57149,"Floresta","sppF",0
88,0.73708,-51.57149,"Floresta","sppG",4
88,0.73708,-51.57149,"Floresta","sppH",3
88,0.73708,-51.57149,"Floresta","sppI",3
88,0.73708,-51.57149,"Floresta","sppJ",0
88,0.73708,-51.57149,"Floresta","sppK",1
89,0.77351,-51.5788,"Floresta","sppA",0
89,0.77351,-51.5788,"Floresta","sppB",1
89,0.77351,-51.5788,"Floresta","sppC",0
89,0.77351,-51.5788,"Floresta","sppD",0
89,0.77351,-51.5788,"Floresta","sppE",1
89,0.77351,-51.5788,"Floresta","sppF",1
89,0.77351,-51.5788,"Floresta","sppG",2
89,0.77351,-51.5788,"Floresta","sppH",0
89,0.77351,-51.5788,"Floresta","sppI",1
89,0.77351,-51.5788,"Floresta","sppJ",0
89,0.77351,-51.5788,"Floresta","sppK",1
90,0.77831,-51.5806,"Floresta","sppA",0
90,0.77831,-51.5806,"Floresta","sppB",1
90,0.77831,-51.5806,"Floresta","sppC",0
90,0.77831,-51.5806,"Floresta","sppD",0
90,0.77831,-51.5806,"Floresta","sppE",1
90,0.77831,-51.5806,"Floresta","sppF",1
90,0.77831,-51.5806,"Floresta","sppG",3
90,0.77831,-51.5806,"Floresta","sppH",1
90,0.77831,-51.5806,"Floresta","sppI",1
90,0.77831,-51.5806,"Floresta","sppJ",0
90,0.77831,-51.5806,"Floresta","sppK",2
91,0.94488,-51.59389,"Floresta","sppA",0
91,0.94488,-51.59389,"Floresta","sppB",0
91,0.94488,-51.59389,"Floresta","sppC",0
91,0.94488,-51.59389,"Floresta","sppD",2
91,0.94488,-51.59389,"Floresta","sppE",2
91,0.94488,-51.59389,"Floresta","sppF",1
91,0.94488,-51.59389,"Floresta","sppG",3
91,0.94488,-51.59389,"Floresta","sppH",2
91,0.94488,-51.59389,"Floresta","sppI",0
91,0.94488,-51.59389,"Floresta","sppJ",0
91,0.94488,-51.59389,"Floresta","sppK",1
92,0.72912,-51.57819,"Floresta","sppA",0
92,0.72912,-51.57819,"Floresta","sppB",1
92,0.72912,-51.57819,"Floresta","sppC",0
92,0.72912,-51.57819,"Floresta","sppD",2
92,0.72912,-51.57819,"Floresta","sppE",2
92,0.72912,-51.57819,"Floresta","sppF",0
92,0.72912,-51.57819,"Floresta","sppG",5
92,0.72912,-51.57819,"Floresta","sppH",2
92,0.72912,-51.57819,"Floresta","sppI",3
92,0.72912,-51.57819,"Floresta","sppJ",2
92,0.72912,-51.57819,"Floresta","sppK",1
93,0.73785,-51.55759,"Floresta","sppA",0
93,0.73785,-51.55759,"Floresta","sppB",1
93,0.73785,-51.55759,"Floresta","sppC",0
93,0.73785,-51.55759,"Floresta","sppD",1
93,0.73785,-51.55759,"Floresta","sppE",3
93,0.73785,-51.55759,"Floresta","sppF",0
93,0.73785,-51.55759,"Floresta","sppG",3
93,0.73785,-51.55759,"Floresta","sppH",4
93,0.73785,-51.55759,"Floresta","sppI",2
93,0.73785,-51.55759,"Floresta","sppJ",0
93,0.73785,-51.55759,"Floresta","sppK",1
94,0.73715,-51.58124,"Floresta","sppA",0
94,0.73715,-51.58124,"Floresta","sppB",1
94,0.73715,-51.58124,"Floresta","sppC",0
94,0.73715,-51.58124,"Floresta","sppD",2
94,0.73715,-51.58124,"Floresta","sppE",1
94,0.73715,-51.58124,"Floresta","sppF",1
94,0.73715,-51.58124,"Floresta","sppG",6
94,0.73715,-51.58124,"Floresta","sppH",2
94,0.73715,-51.58124,"Floresta","sppI",3
94,0.73715,-51.58124,"Floresta","sppJ",1
94,0.73715,-51.58124,"Floresta","sppK",1
95,0.91889,-51.59308,"Floresta","sppA",0
95,0.91889,-51.59308,"Floresta","sppB",0
95,0.91889,-51.59308,"Floresta","sppC",0
95,0.91889,-51.59308,"Floresta","sppD",2
95,0.91889,-51.59308,"Floresta","sppE",1
95,0.91889,-51.59308,"Floresta","sppF",0
95,0.91889,-51.59308,"Floresta","sppG",5
95,0.91889,-51.59308,"Floresta","sppH",1
95,0.91889,-51.59308,"Floresta","sppI",0
95,0.91889,-51.59308,"Floresta","sppJ",0
95,0.91889,-51.59308,"Floresta","sppK",1
96,0.78885,-51.60394,"Floresta","sppA",0
96,0.78885,-51.60394,"Floresta","sppB",1
96,0.78885,-51.60394,"Floresta","sppC",0
96,0.78885,-51.60394,"Floresta","sppD",0
96,0.78885,-51.60394,"Floresta","sppE",1
96,0.78885,-51.60394,"Floresta","sppF",2
96,0.78885,-51.60394,"Floresta","sppG",4
96,0.78885,-51.60394,"Floresta","sppH",2
96,0.78885,-51.60394,"Floresta","sppI",1
96,0.78885,-51.60394,"Floresta","sppJ",3
96,0.78885,-51.60394,"Floresta","sppK",1
97,0.74006,-51.53275,"Floresta","sppA",0
97,0.74006,-51.53275,"Floresta","sppB",1
97,0.74006,-51.53275,"Floresta","sppC",0
97,0.74006,-51.53275,"Floresta","sppD",1
97,0.74006,-51.53275,"Floresta","sppE",4
97,0.74006,-51.53275,"Floresta","sppF",0
97,0.74006,-51.53275,"Floresta","sppG",2
97,0.74006,-51.53275,"Floresta","sppH",4
97,0.74006,-51.53275,"Floresta","sppI",1
97,0.74006,-51.53275,"Floresta","sppJ",0
97,0.74006,-51.53275,"Floresta","sppK",3
98,0.73482,-51.55553,"Floresta","sppA",0
98,0.73482,-51.55553,"Floresta","sppB",1
98,0.73482,-51.55553,"Floresta","sppC",0
98,0.73482,-51.55553,"Floresta","sppD",1
98,0.73482,-51.55553,"Floresta","sppE",3
98,0.73482,-51.55553,"Floresta","sppF",0
98,0.73482,-51.55553,"Floresta","sppG",3
98,0.73482,-51.55553,"Floresta","sppH",4
98,0.73482,-51.55553,"Floresta","sppI",2
98,0.73482,-51.55553,"Floresta","sppJ",0
98,0.73482,-51.55553,"Floresta","sppK",1
99,0.73082,-51.57239,"Floresta","sppA",0
99,0.73082,-51.57239,"Floresta","sppB",1
99,0.73082,-51.57239,"Floresta","sppC",0
99,0.73082,-51.57239,"Floresta","sppD",2
99,0.73082,-51.57239,"Floresta","sppE",2
99,0.73082,-51.57239,"Floresta","sppF",0
99,0.73082,-51.57239,"Floresta","sppG",4
99,0.73082,-51.57239,"Floresta","sppH",2
99,0.73082,-51.57239,"Floresta","sppI",3
99,0.73082,-51.57239,"Floresta","sppJ",1
99,0.73082,-51.57239,"Floresta","sppK",1
100,0.7695,-51.57786,"Floresta","sppA",0
100,0.7695,-51.57786,"Floresta","sppB",1
100,0.7695,-51.57786,"Floresta","sppC",0
100,0.7695,-51.57786,"Floresta","sppD",1
100,0.7695,-51.57786,"Floresta","sppE",1
100,0.7695,-51.57786,"Floresta","sppF",1
100,0.7695,-51.57786,"Floresta","sppG",2
100,0.7695,-51.57786,"Floresta","sppH",0
100,0.7695,-51.57786,"Floresta","sppI",1
100,0.7695,-51.57786,"Floresta","sppJ",0
100,0.7695,-51.57786,"Floresta","sppK",1
101,0.74073,-51.52361,"Floresta","sppA",0
101,0.74073,-51.52361,"Floresta","sppB",1
101,0.74073,-51.52361,"Floresta","sppC",0
101,0.74073,-51.52361,"Floresta","sppD",2
101,0.74073,-51.52361,"Floresta","sppE",4
101,0.74073,-51.52361,"Floresta","sppF",0
101,0.74073,-51.52361,"Floresta","sppG",1
101,0.74073,-51.52361,"Floresta","sppH",4
101,0.74073,-51.52361,"Floresta","sppI",1
101,0.74073,-51.52361,"Floresta","sppJ",1
101,0.74073,-51.52361,"Floresta","sppK",3
102,0.72351,-51.53777,"Floresta","sppA",0
102,0.72351,-51.53777,"Floresta","sppB",0
102,0.72351,-51.53777,"Floresta","sppC",0
102,0.72351,-51.53777,"Floresta","sppD",0
102,0.72351,-51.53777,"Floresta","sppE",2
102,0.72351,-51.53777,"Floresta","sppF",0
102,0.72351,-51.53777,"Floresta","sppG",3
102,0.72351,-51.53777,"Floresta","sppH",4
102,0.72351,-51.53777,"Floresta","sppI",1
102,0.72351,-51.53777,"Floresta","sppJ",0
102,0.72351,-51.53777,"Floresta","sppK",3
103,0.93726,-51.5959,"Floresta","sppA",0
103,0.93726,-51.5959,"Floresta","sppB",0
103,0.93726,-51.5959,"Floresta","sppC",0
103,0.93726,-51.5959,"Floresta","sppD",2
103,0.93726,-51.5959,"Floresta","sppE",2
103,0.93726,-51.5959,"Floresta","sppF",1
103,0.93726,-51.5959,"Floresta","sppG",5
103,0.93726,-51.5959,"Floresta","sppH",2
103,0.93726,-51.5959,"Floresta","sppI",0
103,0.93726,-51.5959,"Floresta","sppJ",0
103,0.93726,-51.5959,"Floresta","sppK",1
104,0.7424,-51.46884,"Floresta","sppA",0
104,0.7424,-51.46884,"Floresta","sppB",1
104,0.7424,-51.46884,"Floresta","sppC",0
104,0.7424,-51.46884,"Floresta","sppD",4
104,0.7424,-51.46884,"Floresta","sppE",2
104,0.7424,-51.46884,"Floresta","sppF",0
104,0.7424,-51.46884,"Floresta","sppG",2
104,0.7424,-51.46884,"Floresta","sppH",1
104,0.7424,-51.46884,"Floresta","sppI",3
104,0.7424,-51.46884,"Floresta","sppJ",1
104,0.7424,-51.46884,"Floresta","sppK",4
105,0.72671,-51.54996,"Floresta","sppA",0
105,0.72671,-51.54996,"Floresta","sppB",1
105,0.72671,-51.54996,"Floresta","sppC",0
105,0.72671,-51.54996,"Floresta","sppD",1
105,0.72671,-51.54996,"Floresta","sppE",2
105,0.72671,-51.54996,"Floresta","sppF",0
105,0.72671,-51.54996,"Floresta","sppG",4
105,0.72671,-51.54996,"Floresta","sppH",4
105,0.72671,-51.54996,"Floresta","sppI",2
105,0.72671,-51.54996,"Floresta","sppJ",0
105,0.72671,-51.54996,"Floresta","sppK",3
106,0.74098,-51.50768,"Floresta","sppA",0
106,0.74098,-51.50768,"Floresta","sppB",1
106,0.74098,-51.50768,"Floresta","sppC",0
106,0.74098,-51.50768,"Floresta","sppD",3
106,0.74098,-51.50768,"Floresta","sppE",3
106,0.74098,-51.50768,"Floresta","sppF",0
106,0.74098,-51.50768,"Floresta","sppG",1
106,0.74098,-51.50768,"Floresta","sppH",4
106,0.74098,-51.50768,"Floresta","sppI",1
106,0.74098,-51.50768,"Floresta","sppJ",1
106,0.74098,-51.50768,"Floresta","sppK",3
